;Unnamed: 0;Prompt;Article;full_prompt;output
75;3;Verfasse eine kurze Geschichte in der dritten Person über einen Menschen.;0;Verfasse eine kurze Geschichte in der dritten Person über einen Menschen.;"
In einem kleinen Dorf lebte ein Mann namens Johann. Er war ein Bauer und arbeitete hart auf seinem Feld, um sein Brot zu verdienen. Johann war ein freundlicher und hilfsbereiter Mensch, der sich immer um seine Nachbarn kümmerte. Eines Tages beschloss er, ein Stück Land an der Dorfgrenze zu erwerben, um es zu bearbeiten und es zu einem wunderschönen Garten zu machen. Nach vielen Monaten harter Arbeit war es endlich fertig und Johann führte es mit Stolz vor. Viele Dorfbewohner kamen, um es zu sehen und es wurde bald ein beliebter Ort, an dem sich die Leute trafen. Johanns Garten wurde ein Symbol des Zusammenhalts und der Freundschaft in dem kleinen Dorf. Der Mann war glücklich, weil er Menschen glücklich machen konnte und sein Garten blühte"
10;4;Schreibe einen kurzen Text in der dritten Person über eine fiktive Person.;1;Schreibe einen kurzen Text in der dritten Person über eine fiktive Person.;"
Der 35-jährige Architekt Markus Müller lebt in einer modernen Wohnung im Herzen der Stadt. Nachdem er sich von seiner Freundin getrennt hat, fühlt er sich einsam und verloren. Er verbringt seine Tage mit Arbeit und seinen Freunden, aber die Leere in seinem Herzen lässt sich nicht füllen. Eines Tages trifft er eine junge Frau, die ihn mit ihrer Lebensfreude und Leidenschaft begeistert. Sie teilt seine Leidenschaft für Architektur und Kunst und sie verbringen Stunden im Museum und im Atelier. Die Liebe wächst langsam, aber sicher und Markus findet wieder zu sich selbst und seinem Glück. Die Leere in seinem Herzen ist verschwunden und er fühlt sich erfüllt und glücklich. Sie beschließen, zusammenzuziehen und ein neues Leben zu beginnen. Die Zukunft ist hell und Markus"
13;1;Beschreibe einen fiktiven Menschen.;0;Beschreibe einen fiktiven Menschen.;"
Der fiktive Mensch heißt Thomas. Er ist 32 Jahre alt und hat blonde Haare, die bis zu den Schultern reichen. Seine Augen sind blau und er trägt eine Brille mit runden Gläsern. Thomas ist ein sportlicher Mann, der gerne Rad fährt und Basketball spielt. Er arbeitet als Ingenieur in einer Firma, die sich mit der Entwicklung von umweltfreundlichen Lösungen beschäftigt. In seiner Freizeit liebt er es, in der Natur zu wandern und neue Orte zu erkunden. Thomas ist ein offener und freundlicher Mensch, der gerne mit anderen Menschen interagiert und neue Freundschaften schließt. Er ist auch sehr neugierig und interessiert sich für viele verschiedene Themen, von der Wissenschaft bis hin zu Kunst und Kultur. Thomas hat eine lebhafte Persönlichkeit und bringt viel Energie"
65;5;Schreibe einen kurzen Text in der dritten Person über einen fiktiven Menschen.;0;Schreibe einen kurzen Text in der dritten Person über einen fiktiven Menschen.;"
Hans war ein junger Mann, der gerne auf der Straße herumlungerte. Er war oft in Gedanken versunken und schien sich nicht besonders wohl zu fühlen. Seine Kleidung war schäbig, sein Haar zerzaust und seine Augen traten vor. Hans sah aus, als ob er einen langen Tag hinter sich hatte und sich nicht besonders freute, den nächsten anzufangen. Seine Lippen waren fest zusammengepresst und sein Gesichtsausdruck war resigniert. Hans schien ein einsamer Mann zu sein, der sich in seiner Welt verloren hatte. Seine Augen verrieten Traurigkeit und seine Haltung Sorglosigkeit. Hans schien nicht zu wissen, was er mit seinem Leben anfangen sollte und schien sich nicht einmal darum zu kümmern. Er war ein junger Mann, der sich verloren fühlte und in seiner Traurigkeit"
24;0;Beschreibe eine fiktive Person.;1;Beschreibe eine fiktive Person.;"
Hans ist 40 Jahre alt, hat eine dunkle Hautfarbe und dunkelbraunes Haar. Er ist ein großgewachsener Mann, der sich gerne bewegt. Er ist ein fleißiger Arbeiter und hat viel Erfahrung in seinem Beruf. Er ist ein glücklicher Mensch und hat viele Freunde. Er ist auch ein großer Fan von Fußball und hat viele Hunderter. Hans hat eine dunkle Hautfarbe und dunkelbraunes Haar. Er ist ein großgewachsener Mann, der sich gerne bewegt. Er ist ein fleißiger Arbeiter und hat viel Erfahrung in seinem Beruf. Er ist ein glücklicher Mensch und hat viele Freunde. Er ist auch ein großer Fan von Fußball. Hans hat eine dunkle Hautfarbe und dunkelbraunes Haar. Er ist ein großgewachsener Mann, der sich gerne bewegt. Er ist ein fleißiger Arbeiter"
44;2;Verfasse eine kurze Geschichte in der dritten Person über eine Person.;1;Verfasse eine kurze Geschichte in der dritten Person über eine Person.;"
Sie war eine junge Frau mit dunklen Haaren und blauen Augen. Sie lebte in einer kleinen Stadt am Meer. Sie arbeitete in einem kleinen Café, in dem sie Kaffee und Kuchen servierte. Sie war sehr beliebt bei den Kunden, weil sie immer freundlich und hilfsbereit war. Eines Tages kam ein junger Mann in das Café. Er sah sehr traurig aus. Die Frau ging zu ihm und fragte, ob er etwas brauche. Der Mann sagte, dass er seine beste Freundin verloren habe. Die Frau hörte ihm zu und tröstete ihn. Dann brachte sie ihm einen Kaffee und einen Kuchen. Der Mann war sehr dankbar und fühlte sich besser. Die Frau war auch dankbar, weil sie ihm helfen konnte. Sie dachten beide, dass es manchmal gut ist, wenn man anderen hilft. Sie aßen und tranken weiterhin"
17;5;Schreibe einen kurzen Text in der dritten Person über einen fiktiven Menschen.;0;Schreibe einen kurzen Text in der dritten Person über einen fiktiven Menschen.;"
Hans, ein 35-jähriger Mann, lebte in einer kleinen Stadt in der Nähe von Hamburg. Er war seit Jahren als Kfz-Meister tätig und besaß ein kleines Unternehmen, in dem er Autos reparierte. Hans war ein sehr verantwortungsvoller und zuverlässiger Mann, der sich immer bemühte, seine Kunden zufriedenzustellen. Er war verheiratet und hatte zwei Kinder. Hans war ein großer Fußball-Fan und verbrachte viele seiner Freizeit mit dem Besuch von Spielen seiner Lieblingsmannschaft. Er war ein geselliger Mann, der gerne mit Freunden und Familie Zeit verbrachte. Hans war auch ein sehr kreativer Mensch, der gerne mal wieder mit der Gitarre herumspielte. In seiner Freizeit war er auch gerne draußen, umzugehen oder zu wandern. Hans"
21;3;Verfasse eine kurze Geschichte in der dritten Person über einen Menschen.;0;Verfasse eine kurze Geschichte in der dritten Person über einen Menschen.;"
Er war ein junger Mann, der sich entschieden hatte, in den Ozean zu springen. Er hatte sich nicht für einen normalen Job entschieden, sondern sich entschieden, seinen Traum zu verfolgen. Er war ein Taucher und wollte die Welt unter Wasser erkunden. Doch sein Wunsch war nicht nur ein Hobby, sondern eine Leidenschaft, die ihn beherrschte. Er war immer unter Wasser, tauchte in alle Tiefen und erkundete die Meereswelt. Doch seine Leidenschaft war auch seine Schwäche. Er war so sehr mit dem Wasser beschäftigt, dass er die Welt darüber vergaß. Seine Freunde und Familie waren besorgt um ihn, aber er hörte nicht zu. Er war zu sehr von seinem Traum gefangen. Doch eines Tages, als er tiefer tauchte als je zuvor, fand er etwas, das ihn überras"
45;3;Verfasse eine kurze Geschichte in der dritten Person über einen Menschen.;0;Verfasse eine kurze Geschichte in der dritten Person über einen Menschen.;"
Die Sonne ging gerade über dem Horizont unter, als Michael den Abend zu Ende ging. Er hatte einen langen Tag gehabt, aber trotzdem fühlte er sich glücklich. Er hatte die ganze Woche lang gearbeitet, aber am letzten Abend hatte er sich frei genommen. Jetzt konnte er sich in Ruhe zurücklehnen und die Welt um sich herum betrachten.

Michael saß auf einer Bank im Park, die Sonne schien immer noch durch die Bäume und erfüllte die Luft mit warmem Licht. Er sah den Leuten zu, die auf dem Weg zum Nachhause waren, und fühlte ein Gefühl der Zufriedenheit in sich aufsteigen. Er wusste, dass er sich nicht mehr so viele Nächte in der Woche freinehmen konnte, aber manchmal war es wichtig, sich etwas Zeit zu nehmen.

Als Michael in seine Gedanken versank,"
104;2;Verfasse eine kurze Geschichte in der dritten Person über eine Person.;1;Verfasse eine kurze Geschichte in der dritten Person über eine Person.;"
Sie war ein junger Mann, der von einem anderen Mann verletzt wurde. Nachdem er schwer verletzt worden war, lag er einige Tage im Krankenhaus. Während dieser Zeit dachte er oft an die Menschen, die er liebte. Er wusste, dass sie sich Sorgen um ihn machten und dass er bald wieder bei ihnen sein würde. Der junge Mann war dankbar für die Pflege und die Gesellschaft der Pflegekräfte im Krankenhaus. Er wusste, dass er noch ein langes Weg vor sich hatte, aber er war entschlossen, wieder gesund zu werden und seine Freude am Leben wiederzufinden. Nach einigen Wochen kehrte er endlich nach Hause zurück, wo ihn seine Familie und Freunde mit offenen Armen empfingen. Der junge Mann war glücklich, wieder bei denen zu sein, die er liebte, und er dankte Gott für seine"
35;5;Schreibe einen kurzen Text in der dritten Person über einen fiktiven Menschen.;0;Schreibe einen kurzen Text in der dritten Person über einen fiktiven Menschen.;"
Eva ist eine 28-jährige Journalistin, die sich für Menschenrechte und politische Themen interessiert. Sie studierte in den Vereinigten Staaten und arbeitete nach ihrem Studium in verschiedenen Nachrichtenagenturen. In ihrer Freizeit liebt sie es, in Cafes zu lesen und mit Freunden zu trinken. Sie ist eine intelligente und mutige Frau, die sich für die Gerechtigkeit einsetzt. Eva ist in einer Beziehung und hat einen kleinen Hund, den sie sehr liebt. Sie hofft, eines Tages einen eigenen Nachrichtenkanal zu gründen, um wichtige Themen zu thematisieren. Eva ist eine treue und engagierte Freundin, die immer da ist, wenn man sie braucht. Sie ist eine inspirierende Persönlichkeit, die durch ihre Arbeit und ihr Leben andere motiviert. Eva ist in der Lage, auch in schwierigen"
12;0;Beschreibe eine fiktive Person.;1;Beschreibe eine fiktive Person.;"
Name: Dr. Helena Kowalski
Geburtsdatum: 13. September 1955
Geburtsort: Warschau, Polen
Beruf: Zoologin
Forschungsgebiet: Säugetierökologie
Hochschule: Universität Warschau
Geschlecht: Weiblich
Nationalität: Polnisch
Sprachen: Polnisch, Englisch
Hobbys: Wandern, Lesen, Musik hören
Interessen: Tiere, Umweltschutz, Kultur
Personlichkeit: Helena ist eine intelligente, selbstständige und respektierte Wissenschaftlerin. Sie ist bekannt für ihre Forschungsergebnisse in der Säugetierökologie und ihre Fähigkeit, komplexe Themen auf eine zugängliche Weise zu erklären. Neben ihrer Arbeit ist sie ein leidenschaftlicher Wandervogel"
78;0;Beschreibe eine fiktive Person.;1;Beschreibe eine fiktive Person.;"
Der Name dieser Person ist Zara. Sie ist 35 Jahre alt und stammt aus einem kleinen Dorf in den Alpen. Zara hat langes, dunkles Haar und blaue Augen. Sie ist 1,70 Meter groß und hat eine schmale Figur. Sie hat eine leichte Behaarung auf dem Oberkörper und ist sehr sportlich. Zara ist eine gute Schwimmerin und Radfahrerin. Sie liebt es, in der Natur zu sein. Zara hat eine freundliche und offene Art und ist immer bereit, neue Menschen kennenzulernen. Sie spricht fließend Deutsch, Französisch und Italienisch. Sie ist eine gute Köchin und liebt es, traditionelle Gerichte aus ihrer Heimat zuzubereiten. Zara ist eine sehr aktive Person und liebt es, sich mit anderen zu beschäftigen. Sie ist auch sehr neugierig und"
36;0;Beschreibe eine fiktive Person.;1;Beschreibe eine fiktive Person.;"
Die Person, die ich mir vorstelle, heißt Luna. Sie ist 28 Jahre alt und hat dunkle Haare. Luna ist eine ruhige und zurückhaltende Person, die gerne Zeit in der Natur verbringt. Sie hat eine Leidenschaft für Musik und tanzt gern. In ihrer Freizeit schreibt Luna Gedichte und liest Bücher. Luna ist sehr sensibel und fühlt sich oft in den Wolken verloren. Sie ist sehr intelligent und hat ein gutes Gedächtnis. Luna ist eine ruhige und nachdenkliche Person, die gerne allein ist. Sie ist sehr vertrauensvoll und hat viele Freunde. Luna ist eine ruhige und nachdenkliche Person, die gerne Zeit in der Natur verbringt. Sie hat eine Leidenschaft für Musik und tanzt gern. In ihrer Freizeit schreibt Luna Gedichte und liest Bücher. Luna ist sehr"
59;5;Schreibe einen kurzen Text in der dritten Person über einen fiktiven Menschen.;0;Schreibe einen kurzen Text in der dritten Person über einen fiktiven Menschen.;"
Er hieß Peter und war sehr freundlich. Er mochte die Sonne und den Regen. Er aß gerne Schokolade und saß manchmal auf einer Bank. Er war ein guter Mensch. Er sah gut aus. Er war ein bisschen alt. Er hatte ein großes Herz. Er war sehr intelligent. Er war ein sehr guter Freund. Er war ein sehr guter Ehemann. Er war ein sehr guter Vater. Er war ein sehr guter Opa. Er war ein sehr guter Großvater. Er war ein sehr guter Urgroßvater. Er war ein sehr guter Urgroßvater. Er war ein sehr guter Urgroßvater. Er war ein sehr guter Urgroßvater. Er war ein sehr guter Urgroßvater. Er war ein sehr guter Urgroßvater. Er war ein sehr guter Urgroß"
119;5;Schreibe einen kurzen Text in der dritten Person über einen fiktiven Menschen.;0;Schreibe einen kurzen Text in der dritten Person über einen fiktiven Menschen.;"
Der Mann war 32 Jahre alt und arbeitete als Programmierer. Er war allein zu Hause, als er plötzlich von einem merkwürdigen Traum aufgeweckt wurde. In diesem Traum sah er sich in einer Welt, in der alles nur aus Buchstaben bestand. Die Menschen waren Buchstaben, die Häuser waren Buchstaben, und selbst die Sonne war ein großes, leuchtendes ""S"". Der Mann fühlte sich in diesem Traum unbehaglich, aber auch fasziniert. Als er aufwachte, fühlte er sich verwirrt und müde. Er ging in die Küche, um sich ein Glas Wasser zu holen, aber stattdessen fand er eine Tasse Tee vor. Er war verwirrt, denn er hatte keinen Tee gekocht. Plötzlich hörte er ein leises Knarren und sah, wie"
33;3;Verfasse eine kurze Geschichte in der dritten Person über einen Menschen.;0;Verfasse eine kurze Geschichte in der dritten Person über einen Menschen.;"
In einem kleinen Dorf lebte ein Mann namens Johann. Er war ein einfacher Bauer, der sich mit der Landwirtschaft abmühte, um sein Haus und seine Familie zu ernähren. Johann war ein bescheidener Mensch, der gerne allein war, um seine Gedanken zu ordnen. Er fand Freude darin, die Natur zu studieren und die verschiedenen Pflanzen und Tiere zu beobachten. 

Eines Tages, als Johann in einem dunklen Wald auf der Suche nach Holz war, traf er eine Frau. Sie war in der Ferne zu hören und kam immer näher. Als sie schließlich vorbeikam, sah Johann, dass es sich um eine alte Frau handelte, die sich schwerfällig auf einem Stock stützte. Sie trug ein altes Gewand und hatte einen langen, weißen Bart. Johann begrüßte die Frau freundlich,"
92;2;Verfasse eine kurze Geschichte in der dritten Person über eine Person.;1;Verfasse eine kurze Geschichte in der dritten Person über eine Person.;"
Es war einmal eine Frau namens Sarah, die in einer kleinen Stadt lebte. Sie war eine intelligente und freundliche Person, die sich für die Natur und die Tierwelt interessierte. Sarah arbeitete als Lehrerin und war bekannt für ihre Geduld und ihre Fähigkeit, ihre Schüler zu motivieren. 

Eines Tages beschloss Sarah, eine Reise durch die Berge zu machen. Sie war auf der Suche nach Ruhe und Abenteuer. Als sie auf einem Bergpfad unterwegs war, sah sie plötzlich ein wildes Schaf, das sich von einer Felswand fallen ließ. Sarah rannte los, um dem Tier zu helfen, aber es war bereits zu spät. Das Schaf starb an Ort und Stelle. 

Sarah war traurig über den Tod des Tieres, aber sie erkannte auch die Schönheit der Natur und die Notwendigkeit, die Balance zwischen Leben"
79;1;Beschreibe einen fiktiven Menschen.;0;Beschreibe einen fiktiven Menschen.;"
Der Mann hieß Jürgen und war 32 Jahre alt. Er war ein ehemaliger Sportlehrer, der nach seinem Studium eine Arbeit in einem Fitnessstudio gefunden hatte. Seine Leidenschaft galt dem Boxen, und er war ein geschickter Boxer. Jürgen war ein freundlicher Mensch, der sich für Sport und Gesundheit interessierte. Er war verheiratet und hatte zwei Kinder. Sein Lieblingsort war die Küste, wo er gerne Urlaub machte. Jürgen war ein anständiger Mensch, der immer für seine Freunde da war. Er war sehr hilfsbereit und hatte eine gute Beziehung zu seinen Kindern. Jürgen war ein ruhiger Mann, der sich nicht gerne in Konflikte verwickelte. Seine größte Sorge war es, dass seine Kinder eine gesunde Einstellung zum Leben entwickeln"
0;0;Beschreibe eine fiktive Person.;1;Beschreibe eine fiktive Person.;"
Mein Name ist Herr Hölle. Ich bin 47 Jahre alt und lebe in der Stadt. Ich bin verheiratet mit einer Frau namens Frau Müller. Wir haben zwei Kinder, einen Sohn und eine Tochter. Ich bin Lehrer und unterrichte an der Schule. Ich bin ein ruhiger und zurückhaltender Mensch, aber ich kann auch sehr humorvoll sein. Ich liebe es, mit Freunden und Familie zu essen und zu trinken. Ich bin ein großer Fan von Fußball und unterstütze den FC Bayern München. Ich bin auch ein großer Leser und liebe es, Bücher zu lesen. Ich bin sehr neugierig und interessiere mich für viele Themen, von Geschichte bis hin zu Naturwissenschaften. Ich bin ein sehr zufriedener Mensch und genieße das Leben. Ich bin auch sehr dankbar für meine Familie und meine Arbeit. Ich bin ein glücklicher Mann. Ich"
54;0;Beschreibe eine fiktive Person.;1;Beschreibe eine fiktive Person.;"
Die fiktive Person heißt Olivia, ist 27 Jahre alt und arbeitet als Kinderkrankenschwester. Sie ist verheiratet mit ihrem Mann David, der als Anästhesist arbeitet. Olivia hat zwei Söhne, Lucas und Ethan, die 4 und 6 Jahre alt sind. Sie liebt es, ihre Freizeit mit ihrer Familie zu verbringen und macht gerne Sport, insbesondere Schwimmen und Radfahren. Olivia ist eine warmherzige Person, die sich für die Gesundheit und das Wohlbefinden von Kindern begeistert. Sie ist sehr engagiert in ihrer Arbeit und gibt sich große Mühe, um ihre Patienten optimal zu versorgen. Olivia ist auch eine sehr optimistische Person, die immer nach der positiven Seite der Dinge sucht. Sie hat eine sehr gute Beziehung zu ihrer Familie und ihren Freunden und schätzt ihre Nähe sehr"
34;4;Schreibe einen kurzen Text in der dritten Person über eine fiktive Person.;1;Schreibe einen kurzen Text in der dritten Person über eine fiktive Person.;"
Hans-Joachim Meyer war ein deutscher Mathematiker, der 1973 mit dem Fields-Medaillen ausgezeichnet wurde. Seine Forschung konzentrierte sich auf die algebraische Topologie. Meyer wurde 1968 zum Professor für Mathematik an der Universität Frankfurt ernannt. Er war auch Fellow der American Mathematical Society. Hans-Joachim Meyer starb 1993 im Alter von 56 Jahren. Er hinterließ eine umfassende Arbeit in der algebraischen Topologie. Seine Forschung hatte einen tiefgreifenden Einfluss auf die Entwicklung der Mathematik. Hans-Joachim Meyer ist in der Mathematikwelt als einer der bedeutendsten Algebraiker des 20. Jahrhunderts angesehen. Seine Arbeit ist in wissenschaftlichen Publikationen weiterhin von großem Interesse. Hans-Joachim Meyer war ein Pionier in seiner Forschungsgeb"
3;3;Verfasse eine kurze Geschichte in der dritten Person über einen Menschen.;0;Verfasse eine kurze Geschichte in der dritten Person über einen Menschen.;"
Die Sonne war noch nicht aufgegangen, als Sarah allein im Haus war. Sie machte sich ein Frühstück und sah sich einen Film an, während der Kaffee in die Tasse tropfte. Der Film war langweilig, und Sarah fühlte sich einsam. Sie ging in die Küche, um ein Stück Brot zu essen. Als sie in den Garten hinausging, sah sie einen Vogel, der auf einem Ast saß. Der Vogel sang leise. Sarah fühlte sich nicht einsam mehr. Sie ging zurück ins Haus und schaute sich den Rest des Films an. Die Sonne war aufgegangen. Sarah fühlte sich nicht mehr einsam. Sie ging zurück ins Haus und schaute sich den Rest des Films an. Die Sonne war aufgegangen. Sarah fühlte sich nicht mehr einsam. Sie ging zurück ins Haus und schaute sich den"
114;0;Beschreibe eine fiktive Person.;1;Beschreibe eine fiktive Person.;"
Ein junger Mann, der sich ""Rico"" nennt, ist 25 Jahre alt und hat dunkle, lockige Haare. Er hat blaue Augen und trägt gerne eine Sonnenbrille. Rico ist groß und schlank und hat eine markante Nase. Er hat eine Tätowierung auf der linken Schulter und ist oft in dunklen Kleidern zu sehen. Er ist ein sehr selbstsicherer und charmanter Mensch, der gerne auffällt und die Aufmerksamkeit der anderen auf sich zieht. Rico ist ein großer Musikliebhaber und spielt gerne Gitarre. Er ist auch sehr sportlich und liebt es, Rad zu fahren und zu laufen. In seiner Freizeit macht er gerne Skulpturen aus Holz und Metall. Rico ist ein sehr kreativer und spontaner Mensch, der immer auf der Suche nach neuen Herausforderungen ist."
40;4;Schreibe einen kurzen Text in der dritten Person über eine fiktive Person.;1;Schreibe einen kurzen Text in der dritten Person über eine fiktive Person.;"
Die Königin von England ist eine faszinierende Persönlichkeit. Ihre Macht und ihr Einfluss reichen weit über das Königreich hinaus. Sie ist eine geschickte Diplomatin und versteht es, die Interessen ihres Landes zu verteidigen. Die Königin ist auch bekannt für ihre Liebe zur Kunst und Kultur. Sie unterstützt viele Kunstprojekte und Veranstaltungen, die den kulturellen Austausch fördern. In ihrem Privatleben ist die Königin eine glückliche Mutter und Ehefrau. Sie teilt ihre Zeit zwischen den Pflichten als Königin und der Zeit mit ihrer Familie. Die Königin von England ist eine beeindruckende Persönlichkeit, die ihre Rolle als Symbol des Landes mit Stolz und Würde ausfüllt. Ihre Präsenz und ihr Einfluss sind in der Welt"
111;3;Verfasse eine kurze Geschichte in der dritten Person über einen Menschen.;0;Verfasse eine kurze Geschichte in der dritten Person über einen Menschen.;"
Eine Geschichte über einen Menschen:
Die Sonne stand hoch am Himmel, als sie aufwachte. Sie öffnete ihre Augen und sah sich in einem kleinen, gemütlichen Zimmer um. Es war ein einfaches Zimmer, aber es war ihr Zimmer. Sie lag auf einem schmalen Bett und fühlte sich müde. Sie streckte sich und stand langsam auf. Sie öffnete den Fenster und atmete die frische Luft ein. Es war ein warmer Tag und sie fühlte sich gut. Sie ging zum Bad und wusch sich das Gesicht. Als sie wieder zurückkam, sah sie ein Brief in der Tür. Sie öffnete ihn und las ihn. Es war ein Brief von einem Freund, der ihr sagte, dass er sie sehen wollte. Sie lächelte und ging in die Küche, um sich ein Frühstück zu machen. Sie aß ein paar Toasts und Kaffee und ging dann los,"
19;1;Beschreibe einen fiktiven Menschen.;0;Beschreibe einen fiktiven Menschen.;"
Jemand, der sich in den Abendstunden in einen Wolf verwandelt. Er ist sehr selbstständig und lebt in der Wüste. Er ist sehr stark und hat eine dunkle Hautfarbe. Er ist sehr gierig und liebt es, nachts zu jagen. Er ist sehr mutig und kann sehr schnell rennen. Er ist auch sehr einsam und lebt lieber alleine als in einer Gruppe. Er ist sehr intelligent und kann sehr gut denken. Er ist auch sehr zäh und kann lange durchhalten. Er ist auch sehr sensibel und kann sehr gut die Stimmungen der anderen Menschen erkennen. Er ist auch sehr selbstsicher und kann sehr gut Entscheidungen treffen. Er ist auch sehr neugierig und liebt es, neue Dinge zu entdecken. Er ist auch sehr wütend, wenn ihn etwas ärgert. Er ist auch sehr traurig, wenn er ver"
30;0;Beschreibe eine fiktive Person.;1;Beschreibe eine fiktive Person.;"
Lena ist 25 Jahre alt und hat eine dunkle Hautfarbe. Sie hat eine lockige dunkelbraune Haarfrisur und grüne Augen. Lena ist groß und schlank, mit langen Beinen und Armen. Sie hat ein breites Lächeln und eine freundliche Miene. Sie ist oft mit einem Buch in der Hand zu sehen und liest gern. Lena ist sehr intelligent und interessiert sich für Geschichte, Philosophie und Literatur. Sie ist auch sehr neugierig und liebt es, neue Dinge zu entdecken. Lena ist eine lebhafte und humorvolle Person, die gerne lacht und Spaß hat. Sie ist auch sehr treu und loyal zu ihren Freunden und Familie. Lena hat eine dunkle Hautfarbe und ist stolz darauf, ihre Herkunft zu vertreten. Sie ist auch sehr offen und tolerant gegenüber anderen Kulturen und Menschen. Lena ist eine komple"
118;4;Schreibe einen kurzen Text in der dritten Person über eine fiktive Person.;1;Schreibe einen kurzen Text in der dritten Person über eine fiktive Person.;"
Maria ist eine 28-jährige Studentin, die ein Studium der Germanistik absolviert. Sie ist sehr intelligent und leidenschaftlich, was ihre Fächer betrifft. Sie ist auch sehr selbstständig und liebt es, in der Natur zu wandern. Maria ist jedoch auch sehr sensibel und neigt zu Depressionen. Sie ist sehr verantwortungsvoll und hat eine starke Arbeitsethik. Maria ist eine sehr interessante und vielseitige Person. Sie hat viele Hobbys und Interessen und ist sehr beliebt bei ihren Freunden. Sie ist auch sehr hilfsbereit und unterstützt ihre Freunde gerne in Schwierigkeiten. Maria ist eine sehr gutmütige Person und liebt es, anderen zu helfen. Sie ist auch sehr tolerant und verträgt sich mit fast jeder Person. Maria ist eine sehr angenehme Gesellschaft und jeder, der sie kennt, schätzt"
80;2;Verfasse eine kurze Geschichte in der dritten Person über eine Person.;1;Verfasse eine kurze Geschichte in der dritten Person über eine Person.;"
Die Sonne schien auf das Meer, als ich an der Küste stand. Der Sand fühlte sich warm unter meinen Füßen an. Ein Schatten fiel über mich, als ich den Kopf hob. Ein Vogel kreiste über mir, sein Gesang klang hell und fröhlich. Ich lächelte, als ich seinen Flug verfolgte. Der Wind wehte sanft, und ich fühlte mich frei. In diesem Moment war alles gut. Der Vogel landete auf einem Felsen neben mir und sah mich an. Seine Augen glänzten, und ich fühlte mich von ihm angesehen. Dann flog er wieder fort, und ich blieb allein zurück. Der Wind blies weiter, und ich fühlte mich noch immer frei. Ich blieb an der Küste stehen und genoss den Moment. Der Vogel war fort, aber ich blieb. Die Sonne"
73;1;Beschreibe einen fiktiven Menschen.;0;Beschreibe einen fiktiven Menschen.;"
Mein Name ist Dr. Martinus Maximilianus, und ich bin ein 45-jähriger Naturwissenschaftler mit einer Leidenschaft für Botanik und Paläontologie. Ich bin 1,80 Meter groß, habe eine dunkelbraune Haarfarbe und trage eine kleine Brille mit einem runden Brillengestell. Mein Gesicht ist von einer feinen, tiefen Narbe über der rechten Augenbraue gezeichnet, die ich mir bei einem Unfall mit einem Felsen in den Rocky Mountains zugezogen habe.

Ich bin ein Mann mit einer großen Leidenschaft für die Natur und ihre Geheimnisse. Als Paläobotaniker habe ich mich auf die Erforschung der fossilen Pflanzen der Erdgeschichte spezialisiert. Meine Forschungen führen mich oft in die Weite der Welt, wo ich in den Bergen, Wäldern und Sümpfen nach"
72;0;Beschreibe eine fiktive Person.;1;Beschreibe eine fiktive Person.;"
Name: Leonora
Geburtsdatum: 25. November 1924
Geburtsort: Berlin
Beruf: Lehrerin
Interessen: Lesen, Gärtnern, Kochen
Favoriten: Sonnenuntergänge, klassische Musik
Hobbys: Wandern, Malen
Wünsche: Frieden, Freundschaft, Abenteuer
Angst: Alleinsein, Dunkelheit
Geschichten: Leonora wuchs in einer kleinen Familie auf. Sie liebte es, ihre Schwestern zu unterhalten. Als Jugendliche lernte sie, Gitarre zu spielen. Sie arbeitete als Kindergärtnerin und lernte dann das Lehramt. In ihrer Freizeit zog sie in die Berge. Sie malte und schrieb Gedichte. Leonora verließ Berlin nach dem Krieg und lebte in einem Dorf in den Alpen"
6;0;Beschreibe eine fiktive Person.;1;Beschreibe eine fiktive Person.;"
Hier ist eine fiktive Person, die ich beschreiben möchte:

Name: Astrid Luna
Geburtsdatum: 12. März 1985
Geburtsort: Hamburg, Deutschland
Beruf: Astronomin und Astrophysikerin
Familienstand: Ledig
Interessen: Astronomie, Astrophysik, Natur, Reisen, Musik
Beschreibung: Astrid ist eine 38-jährige, lebendige und intelligente Frau, die für ihre Leidenschaft für die Astronomie bekannt ist. Sie hat lang, dunkelbraunes Haar und blaugrüne Augen, die sich bei jeder Begegnung mit dem Sternenhimmel aufleuchten lassen. Ihre Augenbrauen sind buschig und ihre Nase leicht gerötet, als ob sie ständig frische Luft atmet. Astrid trägt ihre Haare oft in einem Pferdes"
85;1;Beschreibe einen fiktiven Menschen.;0;Beschreibe einen fiktiven Menschen.;"
Ein fiktiver Mensch, den ich beschreiben möchte, ist ein junger Mann namens Liam. Er ist 25 Jahre alt und hat dunkelbraunes Haar, das ihm oft in die Augen fällt. Seine Augen sind blau und haben eine dunkle Umrandung, was sie besonders attraktiv macht. Liam ist etwa 1,80 Meter groß und hat eine schlankere Statur. Seine Haut ist cremefarben und hat eine leichte Sonnenbräune, die von vielen Jahren am Strand stammt. Er hat eine leichte Narbe über dem linken Auge, die er sich bei einem Unfall als Kind zugezogen hat. Liam hat eine markante Nase und vollere Lippen, die ihn zu einem attraktiven Mann machen. Er trägt oft Jeans und T-Shirts, aber auch gerne Jacken und Hosen, je nach Wetter und Stimmung. Liam ist ein"
101;5;Schreibe einen kurzen Text in der dritten Person über einen fiktiven Menschen.;0;Schreibe einen kurzen Text in der dritten Person über einen fiktiven Menschen.;"
Der Mann hieß Jürgen. Er war 42 Jahre alt und arbeitete in einem Geschäft. Er hatte einen Bruder, der in einer anderen Stadt lebte. Jürgen war sehr freundlich und half gerne anderen. Sein Lieblingsessen war Spaghetti Bolognese. Er liebte es, mit seinen Freunden zu spielen. Jürgen war sehr mutig und stand nie zu knapp. Er war auch sehr geduldig und hatte viel Geduld mit seinen Kunden. Jürgen war ein sehr schöner Mann und hatte sehr blaue Augen. Sein Haar war dunkelbraun. Jürgen war sehr glücklich und hatte viele Freunde. Er liebte es, sich mit ihnen zu unterhalten. Jürgen war ein sehr wichtiger Mann in seiner Stadt. Alle kannten ihn und liebten ihn sehr. Er war ein wahrer Held. J"
25;1;Beschreibe einen fiktiven Menschen.;0;Beschreibe einen fiktiven Menschen.;"
Ich möchte einen fiktiven Menschen beschreiben, der als ""Lukas"" bekannt ist. Lukas ist ein junger Mann in den 20er Jahren, der in einem fiktiven Land namens ""Eldoria"" lebt. Er hat eine dunkle Hautfarbe und dunkle Augen, die eher nachtschwarz als nachtblau sind. Seine Haare sind schwarz und fallen ihm bis auf die Schultern. Er ist etwas größer als Durchschnitt und hat Muskeln, die durch regelmäßige körperliche Aktivitäten entstanden sind. Seine Augenbrauen sind dicht und dunkel, während seine Lippen schmal und leicht geöffnet sind. Er trägt oft eine schwarze Jacke mit einem weißen Hemd darunter, das am Hals geöffnet ist, um seine Halskette zu zeigen, die ein kleines Silberkreuz ist. An den Fü"
51;3;Verfasse eine kurze Geschichte in der dritten Person über einen Menschen.;0;Verfasse eine kurze Geschichte in der dritten Person über einen Menschen.;"
Die Sonne war gerade erst aufgegangen und tauchte die Welt in ein warmes, goldenes Licht. In einem kleinen Dorf, das am Rande eines großen Waldes lag, erwachte ein junger Mann namens Erik. Er streckte sich langsam und gähnte, bevor er sich aus dem Bett erhob. Erik war ein einfacher Jäger, der für seine Fähigkeiten in der Jagd und sein Wissen über die Natur berühmt war. Er hatte sich für ein Leben in der Natur entschieden, um von der Welt der Menschen fern zu sein und sich den freien Tieren anzuschließen.

Erik ging ins Dorf und traf dort auf seine Freunde. Sie unterhielten sich über die Jagd und die Zeit, die sie in den letzten Tagen verbracht hatten. Erik war stolz auf seine Fähigkeiten und die Tiere, die er in den letzten Wochen getöt"
69;3;Verfasse eine kurze Geschichte in der dritten Person über einen Menschen.;0;Verfasse eine kurze Geschichte in der dritten Person über einen Menschen.;"
Die Sonne schien hell über den Hügeln und die Wolken trieben friedlich dahin. In einem kleinen Dorf am Fuße eines Hügels wohnte ein junger Mann namens Julian. Er war ein einfacher Bauer, der jeden Tag frische Ernte auf seinen Feldern erntete, um für sich und seine Familie zu sorgen. Julian war ein gutherziger und freundlicher Mensch, der sich immer um die Bedürftigen kümmerte und sie mit Nahrung und Kleidung versorgte. 

Eines Tages kam ein alter Mann in das Dorf, der von der Stadt hergekommen war. Er war alt und krank und hatte keine Familie mehr, die ihn unterstützte. Julian sah den alten Mann und ging zu ihm, um ihn zu fragen, was er wollte. Der alte Mann erzählte ihm, dass er von der Stadt hergekommen war, weil er"
14;2;Verfasse eine kurze Geschichte in der dritten Person über eine Person.;1;Verfasse eine kurze Geschichte in der dritten Person über eine Person.;"
Es war einmal ein junger Mann namens Thomas, der sich entschieden hatte, in ein Dorf zu ziehen, das in einer einsamen Gegend lag. Er hoffte, hier ein neues Leben zu beginnen und seine Fähigkeiten als Schmied einzusetzen. Als er ankam, fand er das Dorf in einem Zustand der Verwahrlosung vor. Die Häuser waren verfallen, die Straßen verkeimt und die Menschen waren traurig. Thomas war entschlossen, das Dorf wieder zu einem lebendigen Ort zu machen. Er begann, die Häuser zu renovieren und die Straßen zu reinigen. Die Menschen des Dorfes waren anfangs skeptisch, aber Thomas' Hingabe und seine Fähigkeiten überzeugten sie bald. Bald füllte sich das Dorf wieder mit Leben, und die Menschen lebten in Frieden und"
31;1;Beschreibe einen fiktiven Menschen.;0;Beschreibe einen fiktiven Menschen.;"
Mein Name ist Kalliope und ich bin 28 Jahre alt. Ich bin eine griechische Sängerin und habe eine leidenschaftliche Liebe zur Musik. Meine Stimme ist tief und kraftvoll und ich singe gern in verschiedenen Sprachen. Mein Lieblingslied ist ein traditionelles griechisches Lied namens ""Nel cor mio"". Es ist ein Lied, das mich immer wieder in meine Heimat Griechenland zurückbringt. Ich habe auch eine leidenschaftliche Liebe zu Reisen und habe mich schon viele Länder bereist. Ich bin sehr neugierig und habe immer ein offenes Ohr für die Geschichten und Erfahrungen anderer. Wenn ich nicht singe oder reise, dann liebe ich es, in der Natur zu sein und die Schönheit der Welt zu genießen. Ich bin eine sehr optimistische Person und glaube, dass die Welt immer wieder überras"
20;2;Verfasse eine kurze Geschichte in der dritten Person über eine Person.;1;Verfasse eine kurze Geschichte in der dritten Person über eine Person.;"
Die Sonne strahlte hell auf die frische Luft der Stadt, als sie in das Café hinaufstieg, um ihren Kaffee zu holen. Es war ein kalter Morgen im April, und die Bürgersteige waren noch nicht von Menschen bevölkert. Sie war eine junge Frau, Mitte zwanzig, mit langen, dunklen Haaren, die sich in den leichten Böen wiegten. Sie trug eine blaue Jacke über einem weißen Pullover und eine dunkle Hose, die ihr schmaler Körper gut umfasste. Sie ging mit schnellen Schritten, als ob sie etwas Eiliges zu erledigen hatte. Als sie die Tür des Cafés erreichte, blieb sie stehen und schaute sich um. Es war still und leer, nur ein paar Tische standen noch auf den Terrassen, auf denen die Schatten der Nacht noch lagen."
57;3;Verfasse eine kurze Geschichte in der dritten Person über einen Menschen.;0;Verfasse eine kurze Geschichte in der dritten Person über einen Menschen.;"
Einer der bekanntesten Astronauten war Neil Armstrong. Er war am 5. August 1930 in Wapakoneta, Ohio, geboren. Als er 17 Jahre alt war, erhielt er seinen Pilotenschein. Nach seinem Abschluss an der Universität von Pennsylvania wurde er als Testpilot bei der NASA eingestellt. 1962 wurde er von der NASA ausgewählt, um an der Mondlandung teilzunehmen. Am 20. Juli 1969 war er der erste Mensch, der auf dem Mond landete. Die Begeisterung für seine Heldentat war weltweit. Sein Leben ist ein Beispiel für die Bedeutung von Mut und Entschlossenheit. Neil Armstrong starb am 25. August 2012. Sein Vermächtnis lebt jedoch weiter. Er wird als einer der bedeutendsten Menschen des 20. Jahrhunderts in Erinnerung bleiben"
103;1;Beschreibe einen fiktiven Menschen.;0;Beschreibe einen fiktiven Menschen.;"
Der fiktive Mensch hieß ""Marius"" und war ein 25-jähriger, schlanker Mann mit kurzem, dunklem Haar und braunen Augen. Er hatte eine leichte Glatze und trug einen Bart, der an den Kanten etwas länger war. Sein Gesicht war von einer leichten Sommersprosse übersät und er hatte eine kleine Narbe auf der linken Wange. Er war ein fleißiger Student der Rechtswissenschaften und verbrachte die meisten seiner Freizeit mit dem Lesen von historischen Romanen. Marius war ein ruhiger und nachdenklicher Mensch, der gerne allein war, aber auch ein treuer Freund war, wenn man ihn um Hilfe bat. Er sprach mit einem leichten Akzent und war sehr genau in seinen Worten. Marius war ein gläubiger Katholik und hielt an seinen traditionellen Werten fest"
4;4;Schreibe einen kurzen Text in der dritten Person über eine fiktive Person.;1;Schreibe einen kurzen Text in der dritten Person über eine fiktive Person.;"
Peter Müller ist ein sehr netter Mensch. Er ist seit einigen Jahren in der Fischerei tätig und hat sich in dieser Zeit sehr schnell einen Namen gemacht. Peter Müller ist bekannt für seine Professionalität und seine hohe Motivation. Er ist ein gutes Beispiel für alle, die in der Fischerei arbeiten. Er hat sich sehr schnell einen Namen gemacht und wird in der Zukunft sicherlich noch erfolgreicher sein. Peter Müller ist ein sehr netter Mensch, der sich immer bemüht, anderen zu helfen. Er ist sehr beliebt bei seinen Kollegen und hat eine gute Beziehung zu ihnen. Peter Müller ist ein gutes Vorbild für alle, die in der Fischerei arbeiten. Er ist sehr erfolgreich und wird sicherlich noch erfolgreicher sein. Peter Müller ist ein sehr netter Mensch, der sich immer bemüht, anderen zu helfen. Er ist sehr beliebt bei seinen Kollegen und hat eine gute Be"
76;4;Schreibe einen kurzen Text in der dritten Person über eine fiktive Person.;1;Schreibe einen kurzen Text in der dritten Person über eine fiktive Person.;"
Er war ein junger Mann, der sich für die Musik interessierte. Er spielte Gitarre und schrieb eigene Lieder. In seiner Freizeit ging er ins Kino, um Filme zu sehen. Er hatte viele Freunde und fühlte sich in seiner Gemeinschaft wohl. Er arbeitete in einem Laden und verdiente genug Geld, um seinen Lebensunterhalt zu bestreiten. Er war zufrieden mit seinem Leben. Er war ein freundlicher Mensch und half anderen gerne, wenn sie ihn um Hilfe baten. Er war stolz auf seine Fähigkeiten und fühlte sich stark. Er war glücklich mit sich und seinem Leben. Er war ein guter Mensch. Er war ein Junge, der das Leben liebte. Er war ein Junge, der sich wohlfühlte. Er war ein Junge, der sich glücklich fühlte. Er war ein Junge,"
116;2;Verfasse eine kurze Geschichte in der dritten Person über eine Person.;1;Verfasse eine kurze Geschichte in der dritten Person über eine Person.;"
Hans war ein junger Mann, der in den 1930er Jahren in Deutschland lebte. Er war sehr intelligent und hatte ein großes Interesse an Musik und Kunst. Hans war ein großes Fan von der Musik von Franz Liszt und verbrachte viel Zeit damit, seine Kompositionen zu analysieren und zu hören. Er war auch sehr talentiert im Klavierspiel und spielte oft Liszts Musik für seine Freunde und Familie. Hans' Leidenschaft für Musik führte ihn schließlich dazu, ein Musikstudium aufzunehmen, um mehr über die Kunst der Komposition zu lernen. Er war sehr erfolgreich in seinem Studium und wurde später ein renommierter Komponist, der für seine einzigartigen und kreativen Kompositionen bekannt war. Hans' Liebe zur Musik blieb ihm sein Leben lang erhalten und führte ihn zu großem Erfolg und Ruhm in seiner"
58;4;Schreibe einen kurzen Text in der dritten Person über eine fiktive Person.;1;Schreibe einen kurzen Text in der dritten Person über eine fiktive Person.;"
Als Kind war sie sehr aufgeregt, als sie herausfand, dass sie einen Bruder hatte, der in einer anderen Stadt lebte. Sie war so neugierig und hatte viele Fragen. Als er nach Hause kam, war sie sehr aufgeregt und hat ihn viel gefragt. Sie war sehr glücklich, ihn endlich kennenzulernen. Als er dann endlich nach Hause kam, war sie sehr glücklich und hat ihn viel gefragt. Sie war so neugierig und hat viele Fragen gestellt. Als sie dann endlich nach Hause kam, war sie sehr glücklich und hat ihn viel gefragt. Sie war so neugierig und hat viele Fragen gestellt. Als sie dann endlich nach Hause kam, war sie sehr glücklich und hat ihn viel gefragt. Sie war so neugierig und hat viele Fragen gestellt. Als sie dann endlich nach H"
94;4;Schreibe einen kurzen Text in der dritten Person über eine fiktive Person.;1;Schreibe einen kurzen Text in der dritten Person über eine fiktive Person.;"
Der Schauspieler und Komiker, der 1983 in Berlin geboren wurde, ist für seine humorvollen Rollen in mehreren Fernsehserien bekannt. Er hat in verschiedenen Theaterstücken mitgewirkt und ist auch in einigen Kinofilmen zu sehen. Seine Rolle als Hauptkomiker in der Fernsehserie ""Lachen"" brachte ihm den größten Erfolg. In seiner Freizeit liebt er es, sich mit Freunden zu treffen und gemeinsam zu essen. Er ist auch ein großer Fan von Fußball und unterstützt seine Heimmannschaft, die Berliner Dynamo, bei ihren Spielen. Außerdem ist er ein großer Fan von Fußball und unterstützt seine Heimmannschaft, die Berliner Dynamo, bei ihren Spielen. Seine größte Leidenschaft ist es, Menschen zum Lachen zu bringen. Er glaubt, dass Lachen die beste Medizin gegen"
61;1;Beschreibe einen fiktiven Menschen.;0;Beschreibe einen fiktiven Menschen.;"
Hier ist eine Beschreibung eines fiktiven Menschen:
Name: Zephyrion
Geschlecht: Männlich
Alter: 35 Jahre
Beruf: Wanderkünstler und Zauberkünstler
Herkunft: Ein kleiner, abgelegener Ort in den Bergen
Aussehen: Zephyrion ist ein schlanker Mann mit einem hellen Haarschopf und blauen Augen, die manchmal von einem leichten, silbrigen Schimmer begleitet werden. Er trägt oft eine dunkle Jacke mit goldenen Stickereien und einen Hut mit einem breiten, weiten Schirm, der ihn vor dem Regen schützt.
Persönlichkeit: Zephyrion ist ein charmanter und witziger Mensch, der sich leicht in Gesellschaft wohlfühlt. Er ist sehr geschickt in der Handhabung von Magie und Zauber, die er meist"
66;0;Beschreibe eine fiktive Person.;1;Beschreibe eine fiktive Person.;"
Eva ist eine 22 Jahre alte Studentin der Biologie. Sie studiert an der Universität in München. Eva hat kurze, blonde Haare und blaue Augen. Sie ist sehr sportlich und liebt es, in der Natur zu wandern. Eva ist eine sehr aufgeschlossene und freundliche Person, die sich schnell an neue Menschen gewöhnt. Sie ist auch sehr neugierig und interessiert sich für viele verschiedene Themen. In ihrer Freizeit verbringt sie gerne Zeit mit Freunden oder liest ein Buch. Eva ist auch sehr pflegeleicht und kann sich selbstständig machen. Sie ist eine sehr unabhängige Person, die gerne ihre eigenen Wege geht. Insgesamt ist Eva eine lebendige und freundliche Person, die sich gut in einer Gruppe zurechtfindet. Sie ist auch sehr mutig und kann sich leicht in neue Situationen einfügen. Eva hat auch"
108;0;Beschreibe eine fiktive Person.;1;Beschreibe eine fiktive Person.;"
Name: Dr. Elsa Maria Schäfer
Geburtsdatum: 21. März 1978
Geburtsort: Frankfurt am Main
Beruf: Ärztin
Fachgebiet: Psychiatrie
Lebensumstände: Dr. Elsa Maria Schäfer wuchs in einer kinderreichen Familie auf. Sie ist die jüngste von sieben Geschwistern. Ihre Eltern waren beide Lehrer und haben sie sehr früh mit medizinischen und psychologischen Themen vertraut gemacht. Elsa Maria zeigte früh ein großes Interesse für die menschliche Psyche und begann mit 16 Jahren ein Praktikum in einem Krankenhaus. Nach dem Abitur studierte sie Medizin und spezialisierte sich auf die Psychiatrie. Sie arbeitete in verschiedenen Kliniken und arbeitete sich bis zur Leitungsposition hoch. Dr"
15;3;Verfasse eine kurze Geschichte in der dritten Person über einen Menschen.;0;Verfasse eine kurze Geschichte in der dritten Person über einen Menschen.;"
Die Geschichte beginnt mit einem jungen Mann, der als Einzelgänger in einer Großstadt lebt. Er hat eine schlichte Wohnung und verbringt seine Tage damit, Bücher zu lesen und in der Natur zu spazieren. Sein Leben ist einfach, aber er ist zufrieden. Eines Tages trifft er eine Frau, die seine Welt auf den Kopf stellt. Sie ist eine Künstlerin, die mit ihren Bildern die Menschen berührt. Sie zieht in seine Nähe und sie verbringen gemeinsam ihre Tage. Sie lieben sich, aber auch die Einsamkeit ist ihnen ein Teil ihres Lebens. Sie wissen, dass sie zusammengehören, aber auch, dass sie beide ihre eigenen Wege gehen müssen. Sie teilen ihre Gedanken, ihre Träume und ihre Ängste. Sie lieben sich, aber auch die Freiheit ist ihnen wichtig. Sie wissen, dass sie zusammen sind"
42;0;Beschreibe eine fiktive Person.;1;Beschreibe eine fiktive Person.;"
Die fiktive Person heißt Frieda. Sie ist 35 Jahre alt und arbeitet als Kellnerin in einem Hotel. Sie ist verheiratet und hat zwei Kinder. Sie lebt in einer kleinen Wohnung im Stadtteil. Sie ist sehr freundlich und hat eine gute Beziehung zu ihren Kollegen. Sie ist auch sehr fleißig und arbeitet gerne. Außerdem ist sie sehr sportlich und verbringt ihre Freizeit gerne im Fitnessstudio. Sie liebt es, mit Freunden auszugehen und Spaß zu haben. Sie ist auch sehr gesellig und hat viele Freunde. Sie liebt es, sich mit anderen zu unterhalten und neue Leute kennenzulernen. Sie ist auch sehr neugierig und interessiert sich für viele Dinge. Sie ist auch sehr optimistisch und hat immer eine positive Einstellung zum Leben. Sie ist auch sehr selbstständig und kann sich gut um ihre Ange"
32;2;Verfasse eine kurze Geschichte in der dritten Person über eine Person.;1;Verfasse eine kurze Geschichte in der dritten Person über eine Person.;"
Am 10. Oktober 1982 kam es zu einer dramatischen Nacht in einer kleinen Stadt im Westen. Es war der Tag, an dem die Leben von zwei Menschen für immer verändert wurden. Der 22-jährige Alexander, ein junger Mann mit einer großen Leidenschaft für Musik, hatte sich entschieden, sein Leben als Musiker zu verlassen und sich einer neuen Herausforderung zu stellen. Er hatte sich entschieden, als Polizist zu arbeiten und die Menschen in seiner Stadt zu schützen.

Alexander war von früh auf ein begabter Musiker gewesen und hatte bereits als junger Mann in verschiedenen Bands gespielt. Doch die Musik hatte ihn nicht mehr gefesselt, und er hatte sich nach einer neuen Herausforderung gesehnt. Als Polizist zu werden, war für ihn der perfekte Weg, um seine Leidenschaft für das Leben und die Menschen in seine Arbeit einfl"
27;3;Verfasse eine kurze Geschichte in der dritten Person über einen Menschen.;0;Verfasse eine kurze Geschichte in der dritten Person über einen Menschen.;"
Die Sonne schien hell auf die Stadt, als Anna durch die Straßen lief. Sie hatte eine lange, harte Nacht hinter sich, aber jetzt fühlte sie sich frisch und bereit für den Tag. Anna war ein junger Mann, der sich auf seine Arbeit als Kellner freute. Er liebte es, die Menschen zu bedienen und ihre Gesichter zu sehen, wenn sie das erste Mal von dem leckeren Essen hörten, das er ihnen brachte. Heute war es ein besonderer Tag, denn Anna hatte eine Überraschung für seine Freunde geplant. Er hatte ein neues Restaurant gefunden, das die besten Bratwürste der Stadt servierte, und wollte sie dort treffen. Anna fühlte sich stolz auf seine Planung und konnte kaum erwarten, bis die anderen kamen. Als er um die Ecke bog, sah er seine Freunde bereits an einem Tisch sitzen"
71;5;Schreibe einen kurzen Text in der dritten Person über einen fiktiven Menschen.;0;Schreibe einen kurzen Text in der dritten Person über einen fiktiven Menschen.;"
Erik ist ein 35-jähriger, in Deutschland lebender Mann, der als Softwareentwickler arbeitet. Er hat eine Familie mit zwei Kindern und verbringt seinen Freizeitzeit hauptsächlich mit seiner Familie und der Freizeitgestaltung in der Natur. Erik ist ein sehr fleißiger und verantwortungsbewusster Mensch, der immer versucht, seine Arbeit und seine Familie auszugleichen. Trotz seiner hohen Arbeitsbelastung ist Erik immer auf der Suche nach neuen Herausforderungen und verfolgt seine Ziele mit Nachdruck. Er ist ein sehr offener und hilfsbereiter Mensch, der gerne mit anderen Menschen zusammenarbeitet. Erik hat eine sehr positive Einstellung zum Leben und versucht immer, die positiven Seiten in jeder Situation zu sehen. Er ist ein sehr guter Freund und ein verlässlicher Partner für seine Familie und Freunde. Trotz"
63;3;Verfasse eine kurze Geschichte in der dritten Person über einen Menschen.;0;Verfasse eine kurze Geschichte in der dritten Person über einen Menschen.;"
Die Geschichte von Thomas
Thomas war ein einfacher Mann, der in einem kleinen Dorf lebte. Er war bekannt für seine Liebe zu Pferden und seine Fähigkeit, sie zu trainieren. Eines Tages erhielt er den Auftrag, ein Pferd für einen reichen Herrn zu kaufen, das perfekt zum Reiten geeignet war. Thomas verbrachte viele Tage damit, das Pferd zu suchen, bis er schließlich ein wunderschönes Tier fand, das er für den reichen Herrn kaufen konnte. Als er das Pferd überreichte, war er stolz, dass er seinen Auftrag so erfolgreich erfüllt hatte. Thomas lebte glücklich mit seinem Pferd und seiner Arbeit weiter, den Menschen im Dorf immer wieder ein Lächeln ins Gesicht zaubernd. Die Geschichte von Thomas ist eine Erzählung über die Freude und Befriedigung"
98;2;Verfasse eine kurze Geschichte in der dritten Person über eine Person.;1;Verfasse eine kurze Geschichte in der dritten Person über eine Person.;"
Am 14. Februar 1975 wurde ein kleiner Junge namens Oliver geboren. Sein Geburtsort war Berlin, die Hauptstadt der Deutschen Demokratischen Republik. Oliver wuchs in einer einfachen Familie auf, sein Vater war Arbeiter und seine Mutter Hausfrau. Während seiner Kindheit und Jugend war Oliver sehr neugierig und interessierte sich für die Welt um ihn herum. Er schaute gerne Fernsehen und las Bücher über Geschichte und Geografie. Oliver war auch sehr sportlich und spielte Fußball mit seinen Freunden. Nach dem Abitur begann Oliver eine Ausbildung zum Mechaniker. Er war stolz darauf, etwas zu lernen und sich für die Zukunft vorzubereiten. Nach der Ausbildung arbeitete Oliver in verschiedenen Werkstätten und lernte immer mehr über Maschinen und Motoren. Oliver war ein freundlicher und hilfsbereiter Mens"
56;2;Verfasse eine kurze Geschichte in der dritten Person über eine Person.;1;Verfasse eine kurze Geschichte in der dritten Person über eine Person.;"
In der kalten Nacht von Januar ging Emily allein durch die leeren Straßen der Stadt. Ihre Schritte hallten laut auf dem Asphalt, während sie den kalten Wind in ihr Gesicht wehen fühlte. Sie trug einen dicken Mantel und Handschuhe, aber es tat nicht viel gegen die Kälte, die in ihre Knochen drang. Sie war müde und hungrig, und ihre Füße schmerzten von den langen Stunden, die sie bereits auf den Beinen war. Trotzdem ging sie weiter, denn sie wusste, dass sie bald bei ihrer Schwester ankommen würde. Emily war auf der Flucht vor ihrem Exfreund, der sie belogen und betrogen hatte. Sie hatte ihn verlassen, aber jetzt fühlte sie sich allein und verloren. Die Straßen waren leer, und die wenigen Menschen, die sie sah, gingen mit gesenkten"
23;5;Schreibe einen kurzen Text in der dritten Person über einen fiktiven Menschen.;0;Schreibe einen kurzen Text in der dritten Person über einen fiktiven Menschen.;"
Dr. Sophia Jensen, eine 32-jährige Biologin, untersucht die Auswirkungen von Klimawandel auf tropische Ökosysteme. Ihre Forschung konzentriert sich auf die Auswirkungen der Erwärmung auf die Artenvielfalt und die Wechselwirkungen zwischen Pflanzen und Tieren in diesen Ökosystemen. Dr. Jensen ist in der internationalen Gemeinschaft für ihre Expertise im Bereich des Ökosystemmanagements angesichts des Klimawandels anerkannt. Sie hat mehrere Artikel in renommierten wissenschaftlichen Zeitschriften veröffentlicht und ist regelmäßig auf internationalen Konferenzen zum Thema Klimawandel und Biodiversität zu hören. Dr. Jensen ist außerdem engagiert bei der Förderung der Nachhaltigkeit und der Schaffung von Bewusstsein"
1;1;Beschreibe einen fiktiven Menschen.;0;Beschreibe einen fiktiven Menschen.;"
Es ist ein Mann namens Tom, der 35 Jahre alt ist. Er ist 1,80 m groß und wiegt 80 kg. Seine Haare sind dunkelbraun und lang, er trägt einen Bart. Sein Haar ist silberfarben. Seine Augen sind hellblau. Er hat eine Narbe auf der rechten Wange. Er ist sportlich. Er trägt eine Brille. Er ist sehr freundlich. Seine Hobbys sind Wandern, Radfahren, Fußball spielen und Lesen. Er ist verheiratet und hat einen Sohn. Er lebt in einem Haus. Er ist Diplomkaufmann. Er arbeitet in einem Kaufhaus. Er ist sehr erfolgreich. Sein Name ist Tom. Er ist 35 Jahre alt. Er ist 1,80 m groß. Er wiegt 80 kg. Seine Haare sind dunkelbraun und lang. Er"
93;3;Verfasse eine kurze Geschichte in der dritten Person über einen Menschen.;0;Verfasse eine kurze Geschichte in der dritten Person über einen Menschen.;"
Der Mann kam am späten Abend in die Stadt, nachdem er eine lange Reise hinter sich hatte. Er hatte sich auf dem Weg dorthin aufgehoben, um etwas Ruhe zu finden und sich von der Anstrengung zu erholen. Als er durch die Straßen ging, fühlte er sich müde und verloren. Er wusste nicht, wohin er gehen sollte oder was er tun würde. Die Straßen leerten sich allmählich, und die wenigen Menschen, die noch unterwegs waren, eilten an ihm vorbei, ohne ihn zu beachten. Der Mann sah sich um und suchte nach einem Ort, an dem er sich niederlassen konnte. Er fand ein kleines Café, das noch offen war, und trat ein. Die warme Luft und der Duft von Kaffee und Gebäck umgaben ihn wie ein warmer Umarmung. Der Mann set"
117;3;Verfasse eine kurze Geschichte in der dritten Person über einen Menschen.;0;Verfasse eine kurze Geschichte in der dritten Person über einen Menschen.;"
Es war einmal ein Mann namens Andreas. Andreas lebte in einer kleinen Stadt und war ein freundlicher Mensch. Er hatte eine große Leidenschaft für die Natur und verbrachte gerne Zeit im Wald. Eines Tages fand Andreas einen verlassenen Hund in der Nähe eines Bachlaufes. Der Hund war verängstigt und hungrig, aber Andreas nahm ihn mit nach Hause und pflegte ihn. Der Hund erholte sich schnell und Andreas nannte ihn ""Bär"". Von diesem Tag an war Bär Andreas' bester Freund. Sie gingen gemeinsam in den Wald, spielten und erkundeten die Natur. Andreas und Bär waren unzertrennlich und die Leute in der Stadt nannten sie das ""Waldpaar"". Andreas und Bär lebten glücklich und zufrieden bis ans Ende ihrer Tage. Sie bewiesen, dass Freundschaft und Liebe über alle"
97;1;Beschreibe einen fiktiven Menschen.;0;Beschreibe einen fiktiven Menschen.;"
Der Mann heißt Klaas und ist 38 Jahre alt. Er ist 180 cm groß und wiegt 70 kg. Er hat hellbraunes Haar und blaugrüne Augen. Klaas ist sehr sportlich und hat eine leichte Bräune. Er trägt oft eine Sonnenbrille und eine Baseballmütze. Seine Lieblingsfarbe ist Rot und er liebt es, mit Freunden Fußball zu spielen. Klaas ist ein gutes Fußballspieler und hat in seiner Jugend einmal ein großes Spiel gewonnen. Er ist sehr optimistisch und immer für eine Unterhaltung zu haben. Klaas liebt es, in der Sonne zu sitzen und seine Lieblingsmusik zu hören, die Hip-Hop ist. Er ist sehr gutherzig und hilfsbereit. Klaas hat eine Schwäche für Süßigkeiten und liebt es, Schokolade zu essen"
113;5;Schreibe einen kurzen Text in der dritten Person über einen fiktiven Menschen.;0;Schreibe einen kurzen Text in der dritten Person über einen fiktiven Menschen.;"
Die fiktive Person heißt Alex. Sie ist eine 30-jährige Frau, die in einer Großstadt lebt. Alex arbeitet als Journalistin und verfügt über eine hohe Bildung. Sie ist unverheiratet und hat keine Kinder. Alex hat ein großes Interesse an Politik und Geschichte. Sie ist sehr kritisch, aber auch sehr analytisch. Sie hat eine hohe Meinung von sich selbst und kann manchmal arrogant wirken. Alex ist aber auch sehr wahrhaftig und hat kein Problem, ihre Meinung zu sagen. Sie ist sehr intelligent und kann schnell denken. Alex ist sehr gesellig und hat viele Freunde. Sie ist aber auch sehr einsam, weil sie sich von anderen Menschen ablenken muss. Sie hat viele Geheimnisse und kann manchmal sehr geheimnisvoll wirken. Alex ist aber auch sehr offen und kann manchmal sehr offen sein"
86;2;Verfasse eine kurze Geschichte in der dritten Person über eine Person.;1;Verfasse eine kurze Geschichte in der dritten Person über eine Person.;"
Sie war eine Frau, die in den frühen Morgenstunden aufwachte, um in ihrem kleinen Garten zu spazieren. Ihre Schritte waren leise, nur von den Zweigen der Bäume begleitet, die sich im Wind bewegten. Sie ließ ihre Gedanken schweifen, während sie durch den Garten schlenderte, der im Morgendunst lag. Ihre Augen waren auf die Pflanzen gerichtet, die sich langsam aus ihrem Winterschlaf erweckten. Sie fühlte sich in dieser Stille heimisch, wie sie zwischen den Blumen und Büschen ging, die ihr ein Gefühl von Frieden vermittelten. Sie blieb für einen Moment stehen, um einen Blumenstrauß zu betrachten, der sich langsam öffnete. Sie lächelte, als sie die ersten Blüten sah, die sich in der frischen Luft entfalt"
67;1;Beschreibe einen fiktiven Menschen.;0;Beschreibe einen fiktiven Menschen.;"
Ich werde mich für einen fiktiven Menschen namens ""Luna"" entscheiden. Luna ist eine 30-jährige Frau, die in einer fernen Zukunft lebt. Sie ist eine intergalaktische Entdeckerin und hat sich auf die Erforschung von Neutronensternen spezialisiert. Luna ist eine mutige und intelligente Frau, die immer bereit ist, neue Herausforderungen anzunehmen und die Geheimnisse des Universums zu entschlüsseln. Sie ist auch sehr freundlich und hilfsbereit, was sie zu einer beliebten Figur in der intergalaktischen Gemeinschaft macht. Luna hat eine dunkle Hautfarbe und langes, silbernes Haar, das sie oft in einem Pferdeschwanz trägt. Sie ist sehr groß und hat eine muskulöse Figur, die durch ihre regelmäßigen Ausflüge ins All entstanden ist."
95;5;Schreibe einen kurzen Text in der dritten Person über einen fiktiven Menschen.;0;Schreibe einen kurzen Text in der dritten Person über einen fiktiven Menschen.;"
Der Mann war ein alter Freund von mir. Seine Name war Michael. Er war ein sehr netter Typ, der immer ein Lächeln im Gesicht hatte. Er liebte es, mit Freunden zu trinken und abends bis in die Morgenstunden zu tanzen. Er war ein bisschen zart, aber das passte zu seinem Charme. Er mochte es, wenn man ihn neckte und er liebte es, andere zu necken. Wir haben viele tolle Abende zusammen verbracht. Er war ein wahrer Party-Enthusiast. Wenn man ihn traf, war man sofort in einer guten Laune. Er war einfach ein toller Typ, den man gerne hatte. Er war auch ein sehr verlässlicher Freund, wenn man ihn brauchte. Er war immer da, wenn man ihn benötigte. Wir haben viele schöne Erinnerungen miteinander geschaffen. Ich werde ihn immer in"
18;0;Beschreibe eine fiktive Person.;1;Beschreibe eine fiktive Person.;"
Eine fiktive Person könnte beispielsweise ein Schriftsteller aus dem 19. Jahrhundert namens ""Eduard Schattenfels"" sein. Er ist ein dunkelhaariger, etwas verfrorener Mann in den Dreißigern, der mit einem Bart über der Oberlippe und einem dunklen Mantel ausgestattet ist. Er trägt eine Brille mit runden Gläsern und hat eine etwas zerzaust aussehende Frisur. Seine Augen sind braun und haben einen etwas melancholischen Ausdruck. Er ist ein gebildeter Mann, der sich gerne in Bibliotheken aufhält, und hat eine Vorliebe für die Werke von Edgar Allan Poe. Er lebt in einer kleinen Wohnung in einer Seitenstraße und verbringt seine Tage damit, Geschichten zu schreiben und zu lesen. Seine Hobbys sind das Sammeln von"
87;3;Verfasse eine kurze Geschichte in der dritten Person über einen Menschen.;0;Verfasse eine kurze Geschichte in der dritten Person über einen Menschen.;"
Eines Tages kam ein Mann namens Hans in die Stadt. Er war müde und hungrig und suchte nach einem Ort, an dem er sich ausruhen und essen konnte. Als er durch die Straßen lief, sah er ein kleines Café, das offensichtlich nicht viel Besuch hatte. Er betrat es und bestellte eine Tasse Kaffee. Als er aß und trank, bemerkte er ein altes Foto an der Wand. Es zeigte eine Gruppe von Menschen, die an einem See lagen. Hans sah sich das Bild genau an und bemerkte eine Ähnlichkeit zwischen dem Mann im Bild und sich selbst. Plötzlich fühlte er eine seltsame Verbindung zu den Menschen im Bild und erkannte, dass es sein eigenes Bild sein musste. Hans war schockiert und versuchte, sich an die Ereignisse zu erinnern, die zu diesem Foto"
68;2;Verfasse eine kurze Geschichte in der dritten Person über eine Person.;1;Verfasse eine kurze Geschichte in der dritten Person über eine Person.;"
Sie war eine Frau, die auf einer einsamen Insel lebte. Ihre Tage waren lang und leer. Sie verbrachte sie damit, auf der Küste zu wandern und die Wellen anzustarren. Ihre Gedanken waren dunkel und leer. Sie sah keine Hoffnung, keine Freude. Nur die Stille und die Leere. Sie lebte für die Stille und die Leere. Sie war eine Frau, die auf einer einsamen Insel lebte. Ihre Tage waren lang und leer. Sie verbrachte sie damit, auf der Küste zu wandern und die Wellen anzustarren. Ihre Gedanken waren dunkel und leer. Sie sah keine Hoffnung, keine Freude. Nur die Stille und die Leere. Sie lebte für die Stille und die Leere. Sie war eine Frau, die auf einer einsamen Insel lebte. Ihre Tage waren lang und leer. Sie verbr"
91;1;Beschreibe einen fiktiven Menschen.;0;Beschreibe einen fiktiven Menschen.;"
Sein Name ist Sven, und er ist 25 Jahre alt. Sven ist ein junger Mann, der gerne draußen ist, insbesondere in den Bergen. Er liebt es, zu laufen, bergab zu wandern und im Schnee zu spielen. Sven hat eine dunkelblonde Haarfarbe und blaugrüne Augen, die bei der Sonne ein leuchtendes Blau annehmen. Er ist groß und schlank, mit einer leichten Neigung zur Fettleibigkeit. Sven hat eine leichte Bräune und eine breite Nase, die sich leicht nach unten biegt. Er hat eine leichte Narbe auf der linken Wange, die er sich bei einem Sturz in den Bergen zugezogen hat. Sven ist sehr sportlich und liebt es, sich fit zu halten. Er ist ein leidenschaftlicher Bergsteiger und liebt es, in"
9;3;Verfasse eine kurze Geschichte in der dritten Person über einen Menschen.;0;Verfasse eine kurze Geschichte in der dritten Person über einen Menschen.;"
Eines Tages ging der Mann auf die Straße. Es war kalt, also trug er einen Mantel. Er sah ein Kind weinen und ging zu ihm. Das Kind hatte Hunger. Der Mann gab dem Kind etwas zu essen. Das Kind stoppte auf. Der Mann ging weiter. Es war ein kalter Tag. Er trug seinen Mantel. Er sah das Kind weinen und ging zu ihm. Das Kind hatte Hunger. Der Mann gab dem Kind etwas zu essen. Das Kind stoppte auf. Der Mann ging weiter. Es war ein kalter Tag. Er trug seinen Mantel. Er sah das Kind weinen und ging zu ihm. Das Kind hatte Hunger. Der Mann gab dem Kind etwas zu essen. Das Kind stoppte auf. Der Mann ging weiter. Es war ein kalter Tag. Er trug seinen Mantel. Er sah das Kind weinen und ging zu ihm. Das Kind hatte Hunger. Der Mann gab dem Kind etwas zu essen."
64;4;Schreibe einen kurzen Text in der dritten Person über eine fiktive Person.;1;Schreibe einen kurzen Text in der dritten Person über eine fiktive Person.;"
Marie war eine junge Frau mit dunklen Haaren und braunen Augen. Sie hatte eine freundliche Miene und lächelte oft. Marie war sehr neugierig und hatte eine Leidenschaft für die Natur. Sie liebte es, durch Wälder zu wandern und Vögel zu beobachten. Marie war auch sehr fleißig und arbeitete als Botanikerin. Sie sammelte Pflanzen und untersuchte sie, um ihre Eigenschaften zu verstehen. Marie war eine sehr intelligente und interessante Person. Sie hatte viele Freunde und wurde oft um Rat gefragt. Marie war glücklich und zufrieden mit ihrem Leben. Sie fühlte sich wohl in der Natur und genoss ihre Arbeit. Marie war eine faszinierende Persönlichkeit, die viele Menschen beeindruckte. Sie war ein wichtiger Teil ihrer Gemeinschaft und wurde von allen"
112;4;Schreibe einen kurzen Text in der dritten Person über eine fiktive Person.;1;Schreibe einen kurzen Text in der dritten Person über eine fiktive Person.;"
""Seit seiner Kindheit war es ein Traum von Thomas, Pilot zu werden. Er hat sich diesem Ziel stets verschrieben und seine Gedanken und Träume um diesen Beruf herum aufgebaut. Seine Freude und Leidenschaft für Flugzeuge und die Welt der Luftfahrt sind unerschütterlich geblieben. Mit jedem neuen Tag hat Thomas seine Ziele und Träume näher gerückt und ist so dem Ziel, Pilot zu werden, einen Schritt näher gekommen."" (Die fiktive Person ist Thomas, Pilot) .  Die Antwort ist in der dritten Person geschrieben. 
Thomas ist Pilot geworden, weil er seit seiner Kindheit davon geträumt hat. Seine Leidenschaft für Flugzeuge und die Luftfahrt sind unerschütterlich geblieben. Mit jedem neuen Tag ist er seinem Ziel näher gekommen"
77;5;Schreibe einen kurzen Text in der dritten Person über einen fiktiven Menschen.;0;Schreibe einen kurzen Text in der dritten Person über einen fiktiven Menschen.;"
Er war ein Mann mit dunklen Haaren und einem breiten Lächeln. Seine Augen waren ein lebendiges Blau, die Farbe des Himmels am hellen Tag. Er trug eine dunkle Hose und ein weißes Hemd, das sich gut um seine Schultern schmiegte. Seine Schuhe waren schwarz und sahen sehr elegant aus. Er war ein Mann mit einer natürlichen Anmut und einer Art, die auf ihn aufmerksam machte, ohne ihn zu stören. Er ging mit einem leichten Schritt, als ob er sich sicher fühlte, als ob er wusste, dass er einen Ort erreichen würde. Er war ein Mann mit einem Ziel und einer Bestimmung. Seine Gegenwart war warm und freundlich, und seine Anwesenheit machte sich bemerkbar. Er war ein Mann, der einen Eindruck hinterließ. Er war ein Mann,"
55;1;Beschreibe einen fiktiven Menschen.;0;Beschreibe einen fiktiven Menschen.;"
Er ist ein junger Mann, der gerade 20 ist. Er ist sehr freundlich und hat ein freundliches Lächeln. Er hat braune Augen und schulterlange braune Haare. Er ist sportlich und liebt es, Sport zu treiben. Er ist sehr neugierig und interessiert sich für viele Dinge. Er ist ein guter Freund und hat eine positive Einstellung zum Leben. Er ist auch sehr hilfsbereit und hilft anderen gerne, wenn sie ihn um Hilfe bitten. Er ist sehr intelligent und hat ein gutes Gedächtnis. Er ist auch sehr selbstbewusst, aber nicht zu arrogant. Er ist sehr offen und ehrlich in seinen Beziehungen. Er ist auch sehr tolerant und respektiert die Meinungen anderer. Er ist ein guter Lügner und kann sich gut in Situationen auskennen, in denen er lügen muss. Er ist auch sehr"
96;0;Beschreibe eine fiktive Person.;1;Beschreibe eine fiktive Person.;"
Name: Astrid
Geburtsdatum: 20. Februar 1985
Geburtsort: Hamburg
Beruf: Medizinstudentin
Lieblingsfarbe: Blau
Hobbys: Lesen, Wandern, Musik hören
Familie: Mutter, Vater, Bruder
Ort: Hamburg
Alter: 37 Jahre
Geschlecht: Weiblich
Interessen: Medizin, Geschichte, Literatur
Bildung: Medizinstudium
Persönlichkeit: Diplomatisch, humorvoll, selbstbewusst
Sprachen: Deutsch, Englisch
Wohnort: Hamburg
Geburtsland: Deutschland
Geburtsjahr: 1985
Lieblingsbuch: ""Der kleine Prinz""
Lieblingsmusik: Klassische Musik
Lieblingsfilm: ""2001: Odyssee im Weltraum""
Lie"
16;4;Schreibe einen kurzen Text in der dritten Person über eine fiktive Person.;1;Schreibe einen kurzen Text in der dritten Person über eine fiktive Person.;"
Die Nacht war sehr kalt und dunkel. Die Menschen schliefen alle, nur die junge Frau war noch wach. Sie war müde, aber sie konnte nicht schlafen. Sie ging auf die Straße, um frische Luft zu schnappen. Die Luft war kalt und feucht, aber sie fühlte sich gut an. Sie ging weiter, bis sie am Ende der Straße ankam. Sie sah sich um und sah nichts, nur den Mond, der am Himmel stand. Sie setzte sich auf einen Stein und sah den Mond an. Sie fühlte sich friedlich. Sie saß so lange, bis sie müde wurde. Dann ging sie zurück zu ihrem Bett und schlief ein. Die Nacht war endlich vorbei. Die Sonne ging auf und die Welt erwachte. Die junge Frau schlief weiter, bis sie von ihrer Mutter geweckt wurde. Sie stand auf und ging in die Küche, um Frühstück"
53;5;Schreibe einen kurzen Text in der dritten Person über einen fiktiven Menschen.;0;Schreibe einen kurzen Text in der dritten Person über einen fiktiven Menschen.;"
Der Mann hieß Hans, war 35 Jahre alt und hatte blonde Haare. Er war ein sehr beliebter Ingenieur, der immer wieder an großartige Projekte arbeitete. Hans war ein sehr freundlicher und hilfsbereiter Mensch, der immer bereit war, anderen zu helfen. Er war auch sehr intelligent und konnte auf verschiedene Arten denken. Hans war ein sehr wichtiger Teil der Gesellschaft und viele Menschen schätzten ihn sehr. Er war ein wahrer Meister seines Fachgebiets und konnte immer wieder überzeugen. Hans war ein großartiger Mensch, der immer wieder eine positive Energie verbreitete. Er war ein wahrer Held, der immer wieder Menschen aus den Schwierigkeiten half. Hans war ein sehr wichtiger Teil der Welt und viele Menschen wünschten ihm viel Glück. Hans war ein großartiger Mensch, der immer wieder ein Lächeln auf die Ges"
60;0;Beschreibe eine fiktive Person.;1;Beschreibe eine fiktive Person.;"
Die Person ist 1,75 Meter groß, hat blonde Haare und blaue Augen. Sie ist 25 Jahre alt und hat eine Ausbildung als Tierpfleger. Sie arbeitet in einem Tierheim und verbringt ihre Freizeit mit Wandern und Klettern. Sie ist ein sehr geselliger Mensch, der sich gerne mit anderen Menschen trifft. Sie ist auch sehr aktiv und neugierig, was ihr das Leben leicht macht. Sie ist auch sehr freundlich und hilfsbereit, was sie zu einer beliebten Person macht. Sie ist auch sehr offen und ehrlich, was ihr die Freundschaften leicht macht. Sie ist auch sehr tolerant und verständnisvoll, was ihr die Freundschaften leicht macht. Sie ist auch sehr lebensfroh und hat einen positiven Lebensanschauung, was ihr das Leben leicht macht. Sie ist auch sehr stark und hat eine gute körper"
29;5;Schreibe einen kurzen Text in der dritten Person über einen fiktiven Menschen.;0;Schreibe einen kurzen Text in der dritten Person über einen fiktiven Menschen.;"
Der fiktive Mensch hieß Martin und war ein pensionierter Ingenieur. Er lebte in einem kleinen Haus am Rande einer kleinen Stadt. Martin war ein stiller Mann, der gern allein war. Er verbrachte seine Tage damit, Bücher zu lesen und Filme anzusehen. Er war ein Meister der Selbstgespräche und verstand sich selbst am besten. Martin war ein alter Mann, der sich in seinen Gedanken verlor. Manchmal vermisste er die Gesellschaft von anderen, aber er fand immer wieder Trost in seiner Einsamkeit. Er war ein fiktiver Mann, der in seiner eigenen Welt lebte. Martin war ein alter Mann, der mit jedem Tag ein bisschen mehr allein wurde. Er war ein fiktiver Mensch, der in seinem eigenen Kopf lebte. Er war ein alter Mann, der sich in seinen Gedanken verlor. Martin war ein f"
5;5;Schreibe einen kurzen Text in der dritten Person über einen fiktiven Menschen.;0;Schreibe einen kurzen Text in der dritten Person über einen fiktiven Menschen.;"
Der Name des Mannes ist Thomas. Er lebt in einer kleinen Stadt am Meer. Thomas ist 35 Jahre alt und arbeitet als Fischer. Er ist verheiratet und hat zwei Kinder. Er liebt die See und den Fischfang. Thomas ist ein guter Fischer und hat oft Erfolg bei seinen Fangen. Er ist ein einfacher Mann, aber glücklich mit seinem Leben. Thomas geht gerne ins Bett, um den Tag auszuruhen, und er isst gerne Fisch. Er ist ein treuer Ehemann und Vater. Thomas liebt seine Familie und die Natur. Er ist ein ruhiger Mann, der gerne allein ist. Thomas ist ein Fischer, der sein Leben liebt und glücklich ist. Er genießt die Arbeit am Meer und die Zeit mit seiner Familie. Thomas ist ein einfacher Mann, aber er ist glücklich mit seinem Leben. Er ist ein Fischer, der die See liebt und"
100;4;Schreibe einen kurzen Text in der dritten Person über eine fiktive Person.;1;Schreibe einen kurzen Text in der dritten Person über eine fiktive Person.;"
Die Person heißt Anna. Sie ist 28 Jahre alt und studiert Soziologie. Anna ist eine intelligente und intelligente Person, die gerne Bücher liest und Filme schaut. Sie ist auch sehr sozial und verbringt gerne Zeit mit Freunden. Anna ist eine sehr positive Person, die immer versucht, die Dinge aus einer anderen Perspektive zu sehen. Sie ist auch sehr respektvoll und respektiert die Meinungen anderer. Anna hat eine sehr offene und ehrliche Art, die sie sehr beliebt macht. Sie ist auch sehr selbstbewusst und steht für ihre Überzeugungen ein. Anna ist eine wunderbare Person, die viele Freunde hat und die Welt mit ihrer positiven Energie erfüllt. Sie ist eine echte Schatz, der die Welt braucht. Anna ist eine faszinierende Person, die viele Interessen und Hobbys hat. Sie liebt es,"
38;2;Verfasse eine kurze Geschichte in der dritten Person über eine Person.;1;Verfasse eine kurze Geschichte in der dritten Person über eine Person.;"
Die Sonne schien hell auf die Stadt, als sie aufwachte. Sie hatte einen langen Tag vor sich und musste sich beeilen. Sie zog sich an, aß schnell einen Frühstückskaffee und lief zur Arbeit. Als sie ankam, war der Verkehr noch nicht besonders stark. Sie ging durch die Tür, sagte hallo zu ihren Kollegen und nahm ihren Platz ein. Die Arbeit begann. Sie war beschäftigt und musste sich konzentrieren. Die Stunden vergingen langsam. Sie war müde und sehnte sich nach dem Ende des Tages. Schließlich klingelte die Uhr. Die Arbeit war vorbei. Sie verließ das Büro, ging zur U-Bahn und fuhr nach Hause. Sie war froh, dass der Tag vorbei war. Sie ging zu Bett und schlief schnell ein. Der Tag war vorbei. Sie war müde. Morgen musste sie"
39;3;Verfasse eine kurze Geschichte in der dritten Person über einen Menschen.;0;Verfasse eine kurze Geschichte in der dritten Person über einen Menschen.;"
Er hatte immer schon die Sehnsucht nach Abenteuern und Reisen, aber die Arbeit zog ihn zurück nach Hause. Doch eines Tages entschied er sich, sein Leben zu ändern und in die Weite der Welt zu gehen. Er packte seine Koffer, verließ die Stadt und trat in ein großes, altes Schiff ein. Das Meer war sein Ziel, die Freiheit seine Begleiterin. An Bord fand er andere Abenteurer, die wie er auf der Suche nach neuen Horizonten waren. Zusammen segelten sie durch die Wellen, und er fand endlich die Ruhe und die Freiheit, die er so lange gesucht hatte. Das Meer hatte ihn in seinen Armen aufgenommen, und er fühlte sich frei wie ein Vogel im Himmel. In den folgenden Monaten erlebte er Dinge, die er nie für möglich gehalten hätte: das Glitzern"
109;1;Beschreibe einen fiktiven Menschen.;0;Beschreibe einen fiktiven Menschen.;"
Name: Helmut Hosenkampfer
Geburtsdatum: 12. August 1982
Geburtsort: München, Deutschland
Geburtsland: Deutschland
Geschlecht: männlich
Gewicht: 74 kg
Körpergröße: 178 cm
Körperbau: schlank
Haarfarbe: blond
Augenfarbe: blau
Beruf: Lehrer
Interessen: Fußball, Kochen, Wandern
Lieblingsessen: Sauerbraten
Lieblingsgetränk: Weissbier
Lieblingsfussballmannschaft: Bayern München
Lieblingsort: Berchtesgaden
Lieblingsbuch: ""Die Leiden des jungen Werthers"" von Goethe
Lieblingslied: ""Mama"" von The Spinners
Lieblingsfilm: ""Der Schuh des Manitu""
Lieblingsurlaubsort: Mallorca"
62;2;Verfasse eine kurze Geschichte in der dritten Person über eine Person.;1;Verfasse eine kurze Geschichte in der dritten Person über eine Person.;"
Er war ein junger Mann, der sich für die Musik begeisterte. Er hatte einen Traum, ein berühmter Musiker zu werden. Er übte jeden Tag und verbesserte sich allmählich. Seine Freunde unterstützten ihn und sagten ihm, dass er es schaffen könnte. Nach vielen Jahren der harten Arbeit war es endlich soweit. Er stand auf der Bühne und spielte vor einer großen Menge Menschen. Er war stolz, aber auch ein bisschen nervös. Er begann zu spielen und die Menge klatschte. Er hatte es geschafft, sein Traum war wahr geworden. Er war jetzt ein berühmter Musiker. Er freute sich auf die Zukunft und die vielen Konzerte, die er noch geben würde. Er war dankbar für die Unterstützung seiner Freunde und die Gelegenheit, sein Traum zu verwirklichen. Er"
2;2;Verfasse eine kurze Geschichte in der dritten Person über eine Person.;1;Verfasse eine kurze Geschichte in der dritten Person über eine Person.;"
Sie hatte sich entschieden, ihre ganze Energie darauf zu konzentrieren, den Menschen zu helfen, die am meisten Not leideten. Sie verbrachte Tage und Nächte mit der Pflege von Verwundeten und dem Trosten von Traumatisierten. Ihre Arbeit war anstrengend, aber sie fand in ihr eine tiefe Befriedigung. Sie sah, wie die Menschen langsam wieder auf die Beine kamen, wie die Hoffnung in ihren Augen zurückkehrte. Und sie wusste, dass ihr eigenes Leid und ihre eigene Angst an diesem Ort nur ein kleiner Teil von allem waren, was sie erleben musste. Sie war nicht mehr die gleiche Person, die vor Jahren auf dem Weg zur Schule gewesen war. Sie war jetzt jemand anderes, jemand, der den Krieg als Teil seines Lebens akzeptiert hatte, jemand, der die Menschen liebte,"
28;4;Schreibe einen kurzen Text in der dritten Person über eine fiktive Person.;1;Schreibe einen kurzen Text in der dritten Person über eine fiktive Person.;"
Ein junger Mann, der sich Max nannte, ging auf eine Reise durch die Stadt. Sein Ziel war es, neue Menschen kennenzulernen und interessante Geschichten zu hören. Max war ein aufgeschlossener und neugieriger Mensch, der gerne Erfahrungen sammelte. Er hatte sich entschieden, diese Reise allein zu machen, um seine Unabhängigkeit zu testen und neue Herausforderungen zu überwinden. Während seiner Wanderung begegnete Max verschiedenen Menschen, von denen einige freundlich und andere reserviert waren. Er lernte jedoch schnell, dass es am wichtigsten ist, sich selbst zu verstehen und sich nicht von den Meinungen der anderen leiten zu lassen. Maxs Reise war eine Zeit der Selbstentdeckung und des Lernens, die ihn für das Leben vorbereitete. Nach vielen Tagen kehrte Max zurück, gefüllt mit"
115;1;Beschreibe einen fiktiven Menschen.;0;Beschreibe einen fiktiven Menschen.;"
Name: Marcus
Alter: 25 Jahre
Geschlecht: männlich
Größe: 175 cm
Körperbau: schlank
Haarfarbe: dunkelbraun
Augenfarbe: grün
Beruf: Schriftsteller
Lebensgegenwart: Berlin
Hobbys: Lesen, Schreiben, Klettern, Reisen
Interessen: Philosophie, Geschichte, Kultur
Persönlichkeit: introvertiert, reflektiv, sensibel, kreativ, optimistisch
Lebensgeschichte: Marcus ist ein junger Schriftsteller, der sich in Berlin niedergelassen hat. Er hat eine Vielzahl von Erfahrungen gesammelt und ist von den Menschen und Ereignissen, die er getroffen hat, stark beeinflusst worden. Er ist ein introvertierter Mensch, der viel Zeit für Selbstreflexion benötigt, aber"
26;2;Verfasse eine kurze Geschichte in der dritten Person über eine Person.;1;Verfasse eine kurze Geschichte in der dritten Person über eine Person.;"
Am 1. April 1968 wurde ein Junge namens James Robert Alexander geboren. Er wuchs in einer kleinen Stadt auf, in der er viele Freunde hatte. James war ein glücklicher Junge, der gerne lachte und mit anderen spielte. Er war auch sehr neugierig und interessierte sich für alles um ihn herum. Als er älter wurde, begann James, sich für die Musik zu interessieren. Er erlernte das Klavier und begann, eigene Lieder zu komponieren. James war ein sehr talentierter Musiker und erhielt sogar einige Preise für seine Kompositionen. Nach seiner Schulzeit beschloss James, Musik zu studieren. Er ging an die Musikakademie und studierte Klavier und Komposition. Während seiner Zeit an der Akademie freundete sich James mit anderen Musikern an und sie bildeten zusammen eine Band. Sie nannten sich ""The Mel"
102;0;Beschreibe eine fiktive Person.;1;Beschreibe eine fiktive Person.;"
Lena ist eine 25-jährige Studentin. Sie studiert Psychologie und arbeitet nebenbei als Kellnerin in einem Restaurant. Lena ist eine sehr offene und freundliche Person. Sie liebt es, mit anderen zu sprechen und sich mit ihnen auszutauschen. Sie ist sehr neugierig und interessiert sich für viele verschiedene Themen. Lena ist auch sehr hilfsbereit und steht immer für ihre Freunde und Familie da, wenn sie Hilfe benötigen. Sie ist jedoch auch sehr selbstkritisch und kann manchmal zu viel auf sich nehmen. Lena hat eine enge Beziehung zu ihren Eltern und ihrer Schwester. Sie liebt es, mit ihnen Zeit zu verbringen und gemeinsame Aktivitäten zu unternehmen. In ihrer Freizeit liebt Lena es, in der Natur zu sein, insbesondere im Wald zu wandern und am See zu schwimmen. Sie ist auch sehr k"
49;1;Beschreibe einen fiktiven Menschen.;0;Beschreibe einen fiktiven Menschen.;"
Hier ist eine Beschreibung eines fiktiven Menschen:

Name: Zephyr Aethon
Geburtsdatum: 23. März 1995
Geschlecht: Männlich
Nationalität: Deutsche
Beruf: Wissenschaftler
Fachrichtung: Physik
Besondere Fähigkeit: Die Fähigkeit, magnetische Felder zu manipulieren
Erscheinungsbild: Zephyr ist etwa 1,80 m groß und hat dunkle, kurz geschnittene Haare. Seine Augen sind von einem tiefen Braun, die Stirn ist gerunzelt. Er trägt meist weiße Laborkittel.
Persönlichkeit: Zephyr ist ein introvertierter, aber sehr fleißiger Wissenschaftler. Er ist sehr vertrauensvoll, aber nur mit wenigen Menschen. Seine Intelligenz ist außergewöhnlich hoch"
46;4;Schreibe einen kurzen Text in der dritten Person über eine fiktive Person.;1;Schreibe einen kurzen Text in der dritten Person über eine fiktive Person.;"
Hier ist ein kurzer Text in der dritten Person über eine fiktive Person:

Lena Müller ist eine junge Frau aus dem ländlichen Bayern. Sie wohnt in einer kleinen Dorfgemeinschaft, in der jeder jeden kennt. Lena ist eine sehr freundliche und hilfsbereite Person, die sich immer für die Bedürfnisse anderer einsetzt. Sie arbeitet als Krankenpflegerin im lokalen Krankenhaus und wird von allen für ihre Sorgfähigkeit und Zuwendung geschätzt. In ihrer Freizeit liebt Lena es, im Wald zu spazieren und Pilze zu suchen. Sie ist eine Naturfreundin, die sich in der Ruhe und Schönheit der Natur heimisch fühlt. Lena hat eine leise Stimme und trägt oft ein freundliches Lächeln auf dem Gesicht, das viele Menschen anzieht. Sie ist eine integrierte Person in"
52;4;Schreibe einen kurzen Text in der dritten Person über eine fiktive Person.;1;Schreibe einen kurzen Text in der dritten Person über eine fiktive Person.;"
Kurz vor dem Einbruch der Dunkelheit kam Herr Müller, ein alter Mann, die Straße entlang. Er trug einen langen Mantel, der ihm bis zu den Knien reichte, und trug eine Tasche bei sich. Die Tasche war schwer und Herr Müller schleppte sie mühsam. Als er den Weg erreichte, schlug er die Tasche ab und ließ sie zu Boden fallen. ""Ah, endlich"", rief er aus. ""Ich bin so müde. Ich bin jetzt zu Hause"". Herr Müller hob die Tasche auf und ging ins Haus. Er legte die Tasche ab und öffnete sie. ""Ah, mein Geld"", rief er aus. ""Ich habe mein Geld nicht vergessen"". Herr Müller ging dann ins Schlafzimmer und legte sich ins Bett. ""Ah, endlich"", rief er aus. ""Ich bin jetzt zu Hause und habe mein Geld""."
105;3;Verfasse eine kurze Geschichte in der dritten Person über einen Menschen.;0;Verfasse eine kurze Geschichte in der dritten Person über einen Menschen.;"
Der Sonnenuntergang war ein perfekter Moment, um sich in die Seele zu schauen. Die Dämmerung breitete sich über die Landschaft, und die Bäume verloren ihre Farben, um in einen goldenen Schleier zu verwandeln. Es war ein Moment der Stille, in dem die Welt um einen herum stillstand und nur das Knarren der alten Eiche in der Brise war zu hören.

In diesem Moment schien der Mann, der an der Felskante stand, in sich selbst zurückgezogen zu sein. Seine Augen waren auf etwas gerichtet, das nur er sehen konnte, und seine Gedanken waren mit einer Vergangenheit beschäftigt, die er nicht vergessen konnte. Der Wind wehte durch seine Haare, aber er schien ihn nicht zu spüren.

Seine Hände hingen locker an den Seiten, und seine Füße stand"
41;5;Schreibe einen kurzen Text in der dritten Person über einen fiktiven Menschen.;0;Schreibe einen kurzen Text in der dritten Person über einen fiktiven Menschen.;"
Der Mann hieß Karl und war 40 Jahre alt. Er war ein gelernter Schreiner, der in einer kleinen Stadt lebte. Karl war ein freundlicher Mensch, der sich gerne mit anderen unterhielt. Er hatte ein Lächeln, das immer ein bisschen traurig war, aber auch ein bisschen warm. Karl war oft auf der Suche nach Antworten, nach dem Sinn seines Lebens. Er hatte viele Fragen, aber keine Antworten. Er war einsam, aber auch nicht ganz. In der Nacht dachte er oft an die Vergangenheit und die Zukunft. In den Tagen war er oft beschäftigt, aber nie wirklich glücklich. Karl war ein Mann, der sich immer wieder fragte, ob es für ihn noch etwas Besseres geben könnte. Er war ein Mann, der sich immer wieder fragte, ob er noch etwas Besseres finden könnte. Und so ging es weiter, von Tag zu"
107;5;Schreibe einen kurzen Text in der dritten Person über einen fiktiven Menschen.;0;Schreibe einen kurzen Text in der dritten Person über einen fiktiven Menschen.;"
Manfred Müller ist ein Mann in den 40ern. Er ist verheiratet und hat zwei Kinder. Manfred arbeitet als Lehrer an einem Gymnasium. Er unterrichtet Deutsch und Geschichte. Er ist bekannt für seine humorvollen Geschichten. Manfred Müller ist ein beliebter Lehrer, der von seinen Schülern geschätzt wird. Er lebt in einer großen Stadt. Sein Hobby ist die Reise. Manfred Müller ist ein geselliger Mann, der gerne mit Freunden und Familie zusammen ist. Er liebt es, neue Orte zu erkunden und fremde Kulturen kennenzulernen. Manfred Müller ist ein aufgeschlossener Mensch, der die Welt gerne bereist. Er hat eine tiefe Liebe für seine Familie. Manfred Müller ist ein anständiger Mann, der immer für andere da ist. Er ist ein guter Lehrer und ein lieber Mensch. Manfred Müller"
99;3;Verfasse eine kurze Geschichte in der dritten Person über einen Menschen.;0;Verfasse eine kurze Geschichte in der dritten Person über einen Menschen.;"
Es war einmal ein junger Mann namens Leon. Er wuchs in einem kleinen Dorf auf und verbrachte seine Kindheit mit dem Jagen und Fischen. Nachdem er die Schule abgeschlossen hatte, beschloss Leon, die Welt zu bereisen. Er segelte von Küste zu Küste, sah wundervolle Dinge und lernte Menschen kennen, die ihm halfen, seine Träume zu verwirklichen. Leon wurde ein erfahrener Fischer und begann, eigene Schiffe zu bauen. Seine Schiffe fuhren zu den schönsten Küsten der Welt, wo sie frische Fische und andere Delikatessen fischten. Leon war glücklich und zufrieden mit seinem Leben. Er verbrachte jede Nacht auf Deck seines Schiffes und sah den Sternen zu, die am Himmel funkelten. Leon fühlte sich frei und lebte, wie er es"
